<manifest alg="2" build="2017.1.0.379" opt="false" iceEnabled="true" iceMarkupVersion="2" iceEnabledOptions="link,responsive,cachebuster,textStyling" exportTarget="other" domain="design4dj.com" resolutions="1x" timestamp="1508146144588">
  <folder name="css">
    <file name="site_global.css" crc="3762568789"/>
    <file name="index.css" crc="498798589" ref="index"/>
    <file name="nomq_index.css" crc="50397568" ref="index"/>
  </folder>
  <folder name="fonts">
    <file name="montserrat-light-webfont.woff" crc="371376182"/>
    <file name="montserrat-light-webfont.eot" crc="3776299489"/>
    <file name="montserrat-light-webfont.svg" crc="4230968976"/>
    <file name="montserrat-bold-webfont.woff" crc="218980517"/>
    <file name="montserrat-bold-webfont.eot" crc="4208353868"/>
    <file name="montserrat-bold-webfont.svg" crc="4129020171"/>
  </folder>
  <folder name="scripts">
    <file name="jquery-1.8.3.min.js" crc="209076791" ref="index"/>
    <file name="museutils.js" crc="17924269" ref="index"/>
    <file name="whatinput.js" crc="86476730" ref="index"/>
    <file name="museconfig.js" crc="144853533" ref="index"/>
    <file name="jquery.musepolyfill.bgsize.js" crc="3854337258" ref="index"/>
    <file name="jquery.musemenu.js" crc="4286030528" ref="index"/>
    <file name="jquery.watch.js" crc="4240030481" ref="index"/>
    <file name="webpro.js" crc="416662029" ref="index"/>
    <file name="musewpslideshow.js" crc="4034900702" ref="index"/>
    <file name="jquery.museoverlay.js" crc="528673841" ref="index"/>
    <file name="touchswipe.js" crc="432264157" ref="index"/>
    <file name="form_check.php" crc="4110044762" ref="index"/>
    <file name="form_throttle.php" crc="22190333" ref="index"/>
    <file name="form_process.php" crc="257545537" ref="index"/>
    <file name="form-u3220.php" crc="3866808956" ref="index"/>
    <file name="musewpdisclosure.js" crc="3809204180" ref="index"/>
    <file name="html5shiv.js" crc="4241844378" ref="index"/>
    <file name="jquery.museresponsive.js" crc="4267800278" ref="index"/>
    <file name="require.js" crc="3861931657" ref="index"/>
  </folder>
  <folder name="images">
    <file name="home-favicon.ico" crc="441884307" ref="index"/>
    <file name="background_01.jpg" crc="75229225" ref="index">
      <caption webpage="index" alt=""/>
    </file>
    <file name="nexty_logo.png" crc="495208986" ref="index">
      <caption webpage="index" alt=""/>
    </file>
    <file name="blank.gif" crc="4208392903" ref="index"/>
    <file name="aboutus.jpg" crc="3823224790" ref="index">
      <caption webpage="index" alt=""/>
    </file>
    <file name="client_logo_01-u2264.png" crc="3997235927" ref="index"/>
    <file name="client_logo_01-u2264-r.png" crc="268502103" ref="index"/>
    <file name="client_logo_04-u2318.png" crc="296523007" ref="index"/>
    <file name="client_logo_04-u2318-r.png" crc="219405298" ref="index"/>
    <file name="client_logo_02-u2278.png" crc="4158318281" ref="index"/>
    <file name="client_logo_02-u2278-r.png" crc="491630688" ref="index"/>
    <file name="client_logo_05-u2315.png" crc="4250453354" ref="index"/>
    <file name="client_logo_05-u2315-r.png" crc="4251663812" ref="index"/>
    <file name="client_logo_03-u2284.png" crc="3928279567" ref="index"/>
    <file name="client_logo_03-u2284-r.png" crc="3936089039" ref="index"/>
    <file name="client_logo_06-u2312.png" crc="238844295" ref="index"/>
    <file name="client_logo_06-u2312-r.png" crc="108660452" ref="index"/>
    <file name="background_03.jpg" crc="4150486442" ref="index">
      <caption webpage="index" alt=""/>
    </file>
    <file name="team_01.png" crc="3811868657" ref="index">
      <caption webpage="index" alt=""/>
    </file>
    <file name="sc_fb-u2498.png" crc="7598495" ref="index"/>
    <file name="sc_tw-u2492.png" crc="3997362261" ref="index"/>
    <file name="sc_insta-u2501.png" crc="4117924332" ref="index"/>
    <file name="team_02.png" crc="4273678991" ref="index">
      <caption webpage="index" alt=""/>
    </file>
    <file name="sc_fb-u2547.png" crc="7598495" ref="index"/>
    <file name="sc_tw-u2546.png" crc="3997362261" ref="index"/>
    <file name="sc_insta-u2545.png" crc="4117924332" ref="index"/>
    <file name="team_03.png" crc="509631337" ref="index">
      <caption webpage="index" alt=""/>
    </file>
    <file name="sc_fb-u2587.png" crc="7598495" ref="index"/>
    <file name="sc_tw-u2586.png" crc="3997362261" ref="index"/>
    <file name="sc_insta-u2589.png" crc="4117924332" ref="index"/>
    <file name="team_04.png" crc="3907937984" ref="index">
      <caption webpage="index" alt=""/>
    </file>
    <file name="sc_fb-u2715.png" crc="7598495" ref="index"/>
    <file name="sc_tw-u2714.png" crc="3997362261" ref="index"/>
    <file name="sc_insta-u2713.png" crc="4117924332" ref="index"/>
    <file name="team_05.png" crc="28637453" ref="index">
      <caption webpage="index" alt=""/>
    </file>
    <file name="sc_fb-u2692.png" crc="7598495" ref="index"/>
    <file name="sc_tw-u2691.png" crc="3997362261" ref="index"/>
    <file name="sc_insta-u2694.png" crc="4117924332" ref="index"/>
    <file name="team_06.png" crc="135475558" ref="index">
      <caption webpage="index" alt=""/>
    </file>
    <file name="sc_fb-u2669.png" crc="7598495" ref="index"/>
    <file name="sc_tw-u2668.png" crc="3997362261" ref="index"/>
    <file name="sc_insta-u2672.png" crc="4117924332" ref="index"/>
    <file name="background_04.jpg" crc="136697126" ref="index">
      <caption webpage="index" alt=""/>
    </file>
    <file name="work_01s.jpg" crc="284487411" ref="index">
      <caption webpage="index" alt=""/>
    </file>
    <file name="work_01s-u2792-r-fr.png" crc="5118375" ref="index"/>
    <file name="work_02s.jpg" crc="218674454" ref="index">
      <caption webpage="index" alt=""/>
    </file>
    <file name="work_02s-u2863-r-fr.png" crc="3797983443" ref="index"/>
    <file name="work_03s.jpg" crc="3909103643" ref="index">
      <caption webpage="index" alt=""/>
    </file>
    <file name="work_03s-u2872-r-fr.png" crc="3899817271" ref="index"/>
    <file name="work_04s.jpg" crc="277197268" ref="index">
      <caption webpage="index" alt=""/>
    </file>
    <file name="work_04s-u2880-r-fr.png" crc="3873446709" ref="index"/>
    <file name="work_05s.jpg" crc="344458700" ref="index">
      <caption webpage="index" alt=""/>
    </file>
    <file name="work_05s-u2888-r-fr.png" crc="3967114632" ref="index"/>
    <file name="work_06s.jpg" crc="4087220710" ref="index">
      <caption webpage="index" alt=""/>
    </file>
    <file name="work_06s-u2896-r-fr.png" crc="358817314" ref="index"/>
    <file name="work_07s.jpg" crc="113248456" ref="index">
      <caption webpage="index" alt=""/>
    </file>
    <file name="work_07s-u2904-r-fr.png" crc="283903356" ref="index"/>
    <file name="work_08s.jpg" crc="252656413" ref="index">
      <caption webpage="index" alt=""/>
    </file>
    <file name="work_08s-u2912-r-fr.png" crc="56952658" ref="index"/>
    <file name="work_09s.jpg" crc="347792767" ref="index">
      <caption webpage="index" alt=""/>
    </file>
    <file name="work_09s-u2920-r-fr.png" crc="4092189607" ref="index"/>
    <file name="work_01b.jpg" crc="4119578531" ref="index">
      <caption webpage="index" alt=""/>
    </file>
    <file name="work_02b.jpg" crc="4199739046" ref="index">
      <caption webpage="index" alt=""/>
    </file>
    <file name="work_03b.jpg" crc="4167688941" ref="index">
      <caption webpage="index" alt=""/>
    </file>
    <file name="work_04b.jpg" crc="3822693998" ref="index">
      <caption webpage="index" alt=""/>
    </file>
    <file name="work_05b.jpg" crc="3807928879" ref="index">
      <caption webpage="index" alt=""/>
    </file>
    <file name="work_06b.jpg" crc="209320294" ref="index">
      <caption webpage="index" alt=""/>
    </file>
    <file name="work_07b.jpg" crc="3794775478" ref="index">
      <caption webpage="index" alt=""/>
    </file>
    <file name="work_08b.jpg" crc="113838381" ref="index">
      <caption webpage="index" alt=""/>
    </file>
    <file name="work_09b.jpg" crc="507238016" ref="index">
      <caption webpage="index" alt=""/>
    </file>
    <file name="prev_slide.png" crc="3856605401" ref="index">
      <caption webpage="index" alt=""/>
    </file>
    <file name="prev_slide-u2783-r-fr.png" crc="4222374278" ref="index"/>
    <file name="next_slide.png" crc="121412311" ref="index">
      <caption webpage="index" alt=""/>
    </file>
    <file name="next_slide-u2785-r-fr.png" crc="4253309932" ref="index"/>
    <file name="btn_close.png" crc="51146821" ref="index">
      <caption webpage="index" alt=""/>
    </file>
    <file name="btn_close-u2787-r-fr.png" crc="4292248797" ref="index"/>
    <file name="background_051.jpg" crc="4286696571" ref="index">
      <caption webpage="index" alt=""/>
    </file>
    <file name="u3204.png" crc="4024595603" ref="index"/>
    <file name="u3204-r.png" crc="168441248" ref="index"/>
    <file name="client_logo_01-u22642.png" crc="4156750800" ref="index"/>
    <file name="client_logo_01-u2264-r2.png" crc="3840386223" ref="index"/>
    <file name="client_logo_04-u23182.png" crc="64942898" ref="index"/>
    <file name="client_logo_04-u2318-r2.png" crc="243277221" ref="index"/>
    <file name="client_logo_02-u22782.png" crc="3941163783" ref="index"/>
    <file name="client_logo_02-u2278-r2.png" crc="4111234637" ref="index"/>
    <file name="client_logo_05-u23152.png" crc="3895208377" ref="index"/>
    <file name="client_logo_05-u2315-r2.png" crc="186383718" ref="index"/>
    <file name="client_logo_03-u22842.png" crc="4131450313" ref="index"/>
    <file name="client_logo_03-u2284-r2.png" crc="319385268" ref="index"/>
    <file name="client_logo_06-u23122.png" crc="4217712508" ref="index"/>
    <file name="client_logo_06-u2312-r2.png" crc="4055432853" ref="index"/>
    <file name="sc_fb-u24982.png" crc="7598495" ref="index"/>
    <file name="sc_tw-u24922.png" crc="3997362261" ref="index"/>
    <file name="sc_insta-u25012.png" crc="4117924332" ref="index"/>
    <file name="sc_fb-u25472.png" crc="7598495" ref="index"/>
    <file name="sc_tw-u25462.png" crc="3997362261" ref="index"/>
    <file name="sc_insta-u25452.png" crc="4117924332" ref="index"/>
    <file name="sc_fb-u25872.png" crc="7598495" ref="index"/>
    <file name="sc_tw-u25862.png" crc="3997362261" ref="index"/>
    <file name="sc_insta-u25892.png" crc="4117924332" ref="index"/>
    <file name="sc_fb-u27152.png" crc="7598495" ref="index"/>
    <file name="sc_tw-u27142.png" crc="3997362261" ref="index"/>
    <file name="sc_insta-u27132.png" crc="4117924332" ref="index"/>
    <file name="sc_fb-u26922.png" crc="7598495" ref="index"/>
    <file name="sc_tw-u26912.png" crc="3997362261" ref="index"/>
    <file name="sc_insta-u26942.png" crc="4117924332" ref="index"/>
    <file name="sc_fb-u26692.png" crc="7598495" ref="index"/>
    <file name="sc_tw-u26682.png" crc="3997362261" ref="index"/>
    <file name="sc_insta-u26722.png" crc="4117924332" ref="index"/>
    <file name="u32042.png" crc="4024595603" ref="index"/>
    <file name="u3204-r2.png" crc="168441248" ref="index"/>
    <file name="client_logo_01-u22643.png" crc="120401753" ref="index"/>
    <file name="client_logo_01-u2264-r3.png" crc="3832971799" ref="index"/>
    <file name="client_logo_04-u23183.png" crc="374436062" ref="index"/>
    <file name="client_logo_04-u2318-r3.png" crc="4066122996" ref="index"/>
    <file name="client_logo_02-u22783.png" crc="3822932273" ref="index"/>
    <file name="client_logo_02-u2278-r3.png" crc="3998896840" ref="index"/>
    <file name="client_logo_05-u23153.png" crc="326527694" ref="index"/>
    <file name="client_logo_05-u2315-r3.png" crc="346348126" ref="index"/>
    <file name="client_logo_03-u22843.png" crc="324449134" ref="index"/>
    <file name="client_logo_03-u2284-r3.png" crc="3982280123" ref="index"/>
    <file name="client_logo_06-u23123.png" crc="3823732665" ref="index"/>
    <file name="client_logo_06-u2312-r3.png" crc="4079933160" ref="index"/>
    <file name="team_01-u2472-fr.png" crc="3892762375" ref="index"/>
    <file name="sc_fb-u24983.png" crc="7598495" ref="index"/>
    <file name="sc_tw-u24923.png" crc="3997362261" ref="index"/>
    <file name="sc_insta-u25013.png" crc="4117924332" ref="index"/>
    <file name="team_02-u2544-fr.png" crc="191216841" ref="index"/>
    <file name="sc_fb-u25473.png" crc="7598495" ref="index"/>
    <file name="sc_tw-u25463.png" crc="3997362261" ref="index"/>
    <file name="sc_insta-u25453.png" crc="4117924332" ref="index"/>
    <file name="team_03-u2585-fr.png" crc="239821028" ref="index"/>
    <file name="sc_fb-u25873.png" crc="7598495" ref="index"/>
    <file name="sc_tw-u25863.png" crc="3997362261" ref="index"/>
    <file name="sc_insta-u25893.png" crc="4117924332" ref="index"/>
    <file name="team_04-u2712-fr.png" crc="4070518281" ref="index"/>
    <file name="sc_fb-u27153.png" crc="7598495" ref="index"/>
    <file name="sc_tw-u27143.png" crc="3997362261" ref="index"/>
    <file name="sc_insta-u27133.png" crc="4117924332" ref="index"/>
    <file name="team_05-u2690-fr.png" crc="303464775" ref="index"/>
    <file name="sc_fb-u26923.png" crc="7598495" ref="index"/>
    <file name="sc_tw-u26913.png" crc="3997362261" ref="index"/>
    <file name="sc_insta-u26943.png" crc="4117924332" ref="index"/>
    <file name="team_06-u2673-fr.png" crc="47208978" ref="index"/>
    <file name="sc_fb-u26693.png" crc="7598495" ref="index"/>
    <file name="sc_tw-u26683.png" crc="3997362261" ref="index"/>
    <file name="sc_insta-u26723.png" crc="4117924332" ref="index"/>
    <file name="work_01s-u2792-fr.jpg" crc="3949749657" ref="index"/>
    <file name="work_01s-u2792-r-fr2.png" crc="3848575175" ref="index"/>
    <file name="work_02s-u2863-fr.jpg" crc="388741115" ref="index"/>
    <file name="work_02s-u2863-r-fr2.png" crc="524399019" ref="index"/>
    <file name="work_03s-u2872-fr.jpg" crc="110098881" ref="index"/>
    <file name="work_03s-u2872-r-fr2.png" crc="150201846" ref="index"/>
    <file name="work_04s-u2880-fr.jpg" crc="3838021802" ref="index"/>
    <file name="work_04s-u2880-r-fr2.png" crc="4056780124" ref="index"/>
    <file name="work_05s-u2888-fr.jpg" crc="3766082076" ref="index"/>
    <file name="work_05s-u2888-r-fr2.png" crc="3923263621" ref="index"/>
    <file name="work_06s-u2896-fr.jpg" crc="4058189522" ref="index"/>
    <file name="work_06s-u2896-r-fr2.png" crc="81556605" ref="index"/>
    <file name="work_07s-u2904-fr.jpg" crc="534483787" ref="index"/>
    <file name="work_07s-u2904-r-fr2.png" crc="3838618523" ref="index"/>
    <file name="work_08s-u2912-fr.jpg" crc="3911509745" ref="index"/>
    <file name="work_08s-u2912-r-fr2.png" crc="3797381129" ref="index"/>
    <file name="work_09s-u2920-fr.jpg" crc="504246750" ref="index"/>
    <file name="work_09s-u2920-r-fr2.png" crc="4117978049" ref="index"/>
    <file name="work_01b-u2782-fr.jpg" crc="23349258" ref="index"/>
    <file name="work_02b-u2868-fr.jpg" crc="500950085" ref="index"/>
    <file name="work_03b-u2876-fr.jpg" crc="3780848394" ref="index"/>
    <file name="work_04b-u2884-fr.jpg" crc="84065161" ref="index"/>
    <file name="work_05b-u2892-fr.jpg" crc="3860317017" ref="index"/>
    <file name="work_06b-u2900-fr.jpg" crc="3854463434" ref="index"/>
    <file name="work_07b-u2908-fr.jpg" crc="492977176" ref="index"/>
    <file name="work_08b-u2916-fr.jpg" crc="4108941873" ref="index"/>
    <file name="work_09b-u2924-fr.jpg" crc="3767457071" ref="index"/>
    <file name="background_051-u3094-fr.jpg" crc="507816076" ref="index"/>
    <file name="u32043.png" crc="4024595603" ref="index"/>
    <file name="u3204-r3.png" crc="168441248" ref="index"/>
    <file name="nexty_logo-u1705-fr.png" crc="4161240798" ref="index"/>
    <file name="aboutus-u1924-fr.jpg" crc="223236510" ref="index"/>
    <file name="client_logo_01-u22644.png" crc="3970105358" ref="index"/>
    <file name="client_logo_01-u2264-r4.png" crc="390634426" ref="index"/>
    <file name="client_logo_04-u23184.png" crc="4232659486" ref="index"/>
    <file name="client_logo_04-u2318-r4.png" crc="208252619" ref="index"/>
    <file name="client_logo_02-u22784.png" crc="3789916453" ref="index"/>
    <file name="client_logo_02-u2278-r4.png" crc="4026467633" ref="index"/>
    <file name="client_logo_05-u23154.png" crc="3802081907" ref="index"/>
    <file name="client_logo_05-u2315-r4.png" crc="39590121" ref="index"/>
    <file name="client_logo_03-u22844.png" crc="4216087772" ref="index"/>
    <file name="client_logo_03-u2284-r4.png" crc="4135691078" ref="index"/>
    <file name="client_logo_06-u23124.png" crc="4147083204" ref="index"/>
    <file name="client_logo_06-u2312-r4.png" crc="254505333" ref="index"/>
    <file name="team_01-u2472-fr2.png" crc="4180142557" ref="index"/>
    <file name="sc_fb-u24984.png" crc="7598495" ref="index"/>
    <file name="sc_tw-u24924.png" crc="3997362261" ref="index"/>
    <file name="sc_insta-u25014.png" crc="4117924332" ref="index"/>
    <file name="team_02-u2544-fr2.png" crc="3847589056" ref="index"/>
    <file name="sc_fb-u25474.png" crc="7598495" ref="index"/>
    <file name="sc_tw-u25464.png" crc="3997362261" ref="index"/>
    <file name="sc_insta-u25454.png" crc="4117924332" ref="index"/>
    <file name="team_03-u2585-fr2.png" crc="142710298" ref="index"/>
    <file name="sc_fb-u25874.png" crc="7598495" ref="index"/>
    <file name="sc_tw-u25864.png" crc="3997362261" ref="index"/>
    <file name="sc_insta-u25894.png" crc="4117924332" ref="index"/>
    <file name="team_04-u2712-fr2.png" crc="4098996775" ref="index"/>
    <file name="sc_fb-u27154.png" crc="7598495" ref="index"/>
    <file name="sc_tw-u27144.png" crc="3997362261" ref="index"/>
    <file name="sc_insta-u27134.png" crc="4117924332" ref="index"/>
    <file name="team_05-u2690-fr2.png" crc="4102747575" ref="index"/>
    <file name="sc_fb-u26924.png" crc="7598495" ref="index"/>
    <file name="sc_tw-u26914.png" crc="3997362261" ref="index"/>
    <file name="sc_insta-u26944.png" crc="4117924332" ref="index"/>
    <file name="team_06-u2673-fr2.png" crc="28770804" ref="index"/>
    <file name="sc_fb-u26694.png" crc="7598495" ref="index"/>
    <file name="sc_tw-u26684.png" crc="3997362261" ref="index"/>
    <file name="sc_insta-u26724.png" crc="4117924332" ref="index"/>
    <file name="work_01s-u2792-fr2.jpg" crc="41734199" ref="index"/>
    <file name="work_01s-u2792-r-fr3.png" crc="242455459" ref="index"/>
    <file name="work_02s-u2863-fr2.jpg" crc="240395811" ref="index"/>
    <file name="work_02s-u2863-r-fr3.png" crc="4164974998" ref="index"/>
    <file name="work_03s-u2872-fr2.jpg" crc="3844357721" ref="index"/>
    <file name="work_03s-u2872-r-fr3.png" crc="4263553283" ref="index"/>
    <file name="work_04s-u2880-fr2.jpg" crc="443434373" ref="index"/>
    <file name="work_04s-u2880-r-fr3.png" crc="4212050734" ref="index"/>
    <file name="work_05s-u2888-fr2.jpg" crc="3985201258" ref="index"/>
    <file name="work_05s-u2888-r-fr3.png" crc="3931064719" ref="index"/>
    <file name="work_06s-u2896-fr2.jpg" crc="4154207692" ref="index"/>
    <file name="work_06s-u2896-r-fr3.png" crc="4127692254" ref="index"/>
    <file name="work_07s-u2904-fr2.jpg" crc="192624839" ref="index"/>
    <file name="work_07s-u2904-r-fr3.png" crc="4065938590" ref="index"/>
    <file name="work_08s-u2912-fr2.jpg" crc="527954429" ref="index"/>
    <file name="work_08s-u2912-r-fr3.png" crc="3855574278" ref="index"/>
    <file name="work_09s-u2920-fr2.jpg" crc="4134689385" ref="index"/>
    <file name="work_09s-u2920-r-fr3.png" crc="159380731" ref="index"/>
    <file name="work_01b-u2782-fr2.jpg" crc="102040651" ref="index"/>
    <file name="work_02b-u2868-fr2.jpg" crc="34635930" ref="index"/>
    <file name="work_03b-u2876-fr2.jpg" crc="375770991" ref="index"/>
    <file name="work_04b-u2884-fr2.jpg" crc="4130581552" ref="index"/>
    <file name="work_05b-u2892-fr2.jpg" crc="44165184" ref="index"/>
    <file name="work_06b-u2900-fr2.jpg" crc="267458274" ref="index"/>
    <file name="work_07b-u2908-fr2.jpg" crc="48684330" ref="index"/>
    <file name="work_08b-u2916-fr2.jpg" crc="67075045" ref="index"/>
    <file name="work_09b-u2924-fr2.jpg" crc="3947749413" ref="index"/>
    <file name="background_051-u3094-fr2.jpg" crc="349045689" ref="index"/>
    <file name="u32044.png" crc="4024595603" ref="index"/>
    <file name="u3204-r4.png" crc="168441248" ref="index"/>
    <file name="menu_01.png" crc="4251932765" ref="index">
      <caption webpage="index" alt=""/>
    </file>
    <file name="menu_02.png" crc="3979555185" ref="index">
      <caption webpage="index" alt=""/>
    </file>
    <file name="aboutus-u1924-fr2.jpg" crc="4124598627" ref="index"/>
    <file name="client_logo_01-u22645.png" crc="3886374206" ref="index"/>
    <file name="client_logo_01-u2264-r5.png" crc="4030137962" ref="index"/>
    <file name="client_logo_04-u23185.png" crc="222721789" ref="index"/>
    <file name="client_logo_04-u2318-r5.png" crc="39139959" ref="index"/>
    <file name="client_logo_02-u22785.png" crc="3828702077" ref="index"/>
    <file name="client_logo_02-u2278-r5.png" crc="177715538" ref="index"/>
    <file name="client_logo_05-u23155.png" crc="3761708015" ref="index"/>
    <file name="client_logo_05-u2315-r5.png" crc="226841392" ref="index"/>
    <file name="client_logo_03-u22845.png" crc="3841267267" ref="index"/>
    <file name="client_logo_03-u2284-r5.png" crc="3829231651" ref="index"/>
    <file name="client_logo_06-u23125.png" crc="280516944" ref="index"/>
    <file name="client_logo_06-u2312-r5.png" crc="3808032025" ref="index"/>
    <file name="team_01-u2472-fr3.png" crc="4228340372" ref="index"/>
    <file name="sc_fb-u24985.png" crc="7598495" ref="index"/>
    <file name="sc_tw-u24925.png" crc="3997362261" ref="index"/>
    <file name="sc_insta-u25015.png" crc="4117924332" ref="index"/>
    <file name="team_02-u2544-fr3.png" crc="477829831" ref="index"/>
    <file name="sc_fb-u25475.png" crc="7598495" ref="index"/>
    <file name="sc_tw-u25465.png" crc="3997362261" ref="index"/>
    <file name="sc_insta-u25455.png" crc="4117924332" ref="index"/>
    <file name="team_03-u2585-fr3.png" crc="101507108" ref="index"/>
    <file name="sc_fb-u25875.png" crc="7598495" ref="index"/>
    <file name="sc_tw-u25865.png" crc="3997362261" ref="index"/>
    <file name="sc_insta-u25895.png" crc="4117924332" ref="index"/>
    <file name="team_04-u2712-fr3.png" crc="4001155029" ref="index"/>
    <file name="sc_fb-u27155.png" crc="7598495" ref="index"/>
    <file name="sc_tw-u27145.png" crc="3997362261" ref="index"/>
    <file name="sc_insta-u27135.png" crc="4117924332" ref="index"/>
    <file name="team_05-u2690-fr3.png" crc="4070222024" ref="index"/>
    <file name="sc_fb-u26925.png" crc="7598495" ref="index"/>
    <file name="sc_tw-u26915.png" crc="3997362261" ref="index"/>
    <file name="sc_insta-u26945.png" crc="4117924332" ref="index"/>
    <file name="team_06-u2673-fr3.png" crc="349411347" ref="index"/>
    <file name="sc_fb-u26695.png" crc="7598495" ref="index"/>
    <file name="sc_tw-u26685.png" crc="3997362261" ref="index"/>
    <file name="sc_insta-u26725.png" crc="4117924332" ref="index"/>
    <file name="work_01s-u2792-fr3.jpg" crc="497718992" ref="index"/>
    <file name="work_01s-u2792-r-fr4.png" crc="3947919954" ref="index"/>
    <file name="work_02s-u2863-fr3.jpg" crc="267390203" ref="index"/>
    <file name="work_02s-u2863-r-fr4.png" crc="344240103" ref="index"/>
    <file name="work_03s-u2872-fr3.jpg" crc="4186406588" ref="index"/>
    <file name="work_03s-u2872-r-fr4.png" crc="3987270452" ref="index"/>
    <file name="work_04s-u2880-fr3.jpg" crc="133957180" ref="index"/>
    <file name="work_04s-u2880-r-fr4.png" crc="3927137956" ref="index"/>
    <file name="work_05s-u2888-fr3.jpg" crc="4190084878" ref="index"/>
    <file name="work_05s-u2888-r-fr4.png" crc="3809177763" ref="index"/>
    <file name="work_06s-u2896-fr3.jpg" crc="3883705095" ref="index"/>
    <file name="work_06s-u2896-r-fr4.png" crc="458324263" ref="index"/>
    <file name="work_07s-u2904-fr3.jpg" crc="3943710949" ref="index"/>
    <file name="work_07s-u2904-r-fr4.png" crc="4097467943" ref="index"/>
    <file name="work_08s-u2912-fr3.jpg" crc="4140790376" ref="index"/>
    <file name="work_08s-u2912-r-fr4.png" crc="3819481195" ref="index"/>
    <file name="work_09s-u2920-fr3.jpg" crc="119875884" ref="index"/>
    <file name="work_09s-u2920-r-fr4.png" crc="491537095" ref="index"/>
    <file name="work_01b-u2782-fr3.jpg" crc="4025117726" ref="index"/>
    <file name="work_02b-u2868-fr3.jpg" crc="4150362291" ref="index"/>
    <file name="work_03b-u2876-fr3.jpg" crc="4267731369" ref="index"/>
    <file name="work_04b-u2884-fr3.jpg" crc="390510601" ref="index"/>
    <file name="work_05b-u2892-fr3.jpg" crc="3944844845" ref="index"/>
    <file name="work_06b-u2900-fr3.jpg" crc="4032042579" ref="index"/>
    <file name="work_07b-u2908-fr3.jpg" crc="330767254" ref="index"/>
    <file name="work_08b-u2916-fr3.jpg" crc="4233788172" ref="index"/>
    <file name="work_09b-u2924-fr3.jpg" crc="4049801992" ref="index"/>
    <file name="background_051-u3094-fr3.jpg" crc="3874357344" ref="index"/>
    <file name="u32045.png" crc="4024595603" ref="index"/>
    <file name="u3204-r5.png" crc="168441248" ref="index"/>
    <file name="background_01-u1650-fr.jpg" crc="3801679274" ref="index"/>
    <file name="aboutus-u1924-fr3.jpg" crc="4122629722" ref="index"/>
    <file name="client_logo_01-u22646.png" crc="295070635" ref="index"/>
    <file name="client_logo_01-u2264-r6.png" crc="4039852313" ref="index"/>
    <file name="client_logo_04-u23186.png" crc="268657235" ref="index"/>
    <file name="client_logo_04-u2318-r6.png" crc="3807966558" ref="index"/>
    <file name="client_logo_02-u22786.png" crc="291152982" ref="index"/>
    <file name="client_logo_02-u2278-r6.png" crc="4253678590" ref="index"/>
    <file name="client_logo_05-u23156.png" crc="3978038211" ref="index"/>
    <file name="client_logo_05-u2315-r6.png" crc="346200871" ref="index"/>
    <file name="client_logo_03-u22846.png" crc="480393510" ref="index"/>
    <file name="client_logo_03-u2284-r6.png" crc="228159638" ref="index"/>
    <file name="client_logo_06-u23126.png" crc="4278165709" ref="index"/>
    <file name="client_logo_06-u2312-r6.png" crc="3956731735" ref="index"/>
    <file name="team_01-u2472-fr4.png" crc="56453187" ref="index"/>
    <file name="sc_fb-u24986.png" crc="180134877" ref="index"/>
    <file name="sc_tw-u24926.png" crc="243755592" ref="index"/>
    <file name="sc_insta-u25016.png" crc="358191527" ref="index"/>
    <file name="team_02-u2544-fr4.png" crc="475376734" ref="index"/>
    <file name="sc_fb-u25476.png" crc="180134877" ref="index"/>
    <file name="sc_tw-u25466.png" crc="243755592" ref="index"/>
    <file name="sc_insta-u25456.png" crc="358191527" ref="index"/>
    <file name="team_03-u2585-fr4.png" crc="3802804237" ref="index"/>
    <file name="sc_tw-u25866.png" crc="243755592" ref="index"/>
    <file name="sc_insta-u25896.png" crc="358191527" ref="index"/>
    <file name="sc_fb-u25876.png" crc="180134877" ref="index"/>
    <file name="team_04-u2712-fr4.png" crc="4226456086" ref="index"/>
    <file name="sc_fb-u27156.png" crc="180134877" ref="index"/>
    <file name="sc_tw-u27146.png" crc="243755592" ref="index"/>
    <file name="sc_insta-u27136.png" crc="358191527" ref="index"/>
    <file name="team_05-u2690-fr4.png" crc="93883610" ref="index"/>
    <file name="sc_fb-u26926.png" crc="180134877" ref="index"/>
    <file name="sc_tw-u26916.png" crc="243755592" ref="index"/>
    <file name="sc_insta-u26946.png" crc="358191527" ref="index"/>
    <file name="team_06-u2673-fr4.png" crc="493264858" ref="index"/>
    <file name="sc_fb-u26696.png" crc="180134877" ref="index"/>
    <file name="sc_tw-u26686.png" crc="243755592" ref="index"/>
    <file name="sc_insta-u26726.png" crc="358191527" ref="index"/>
    <file name="work_01s-u2792-fr4.jpg" crc="19292968" ref="index"/>
    <file name="work_01s-u2792-r-fr5.png" crc="244209069" ref="index"/>
    <file name="work_02s-u2863-fr4.jpg" crc="93437403" ref="index"/>
    <file name="work_02s-u2863-r-fr5.png" crc="63230768" ref="index"/>
    <file name="work_03s-u2872-fr4.jpg" crc="4174994313" ref="index"/>
    <file name="work_03s-u2872-r-fr5.png" crc="3801806792" ref="index"/>
    <file name="work_04s-u2880-fr4.jpg" crc="407610683" ref="index"/>
    <file name="work_04s-u2880-r-fr5.png" crc="3839360755" ref="index"/>
    <file name="work_05s-u2888-fr4.jpg" crc="30389902" ref="index"/>
    <file name="work_05s-u2888-r-fr5.png" crc="4137831459" ref="index"/>
    <file name="work_06s-u2896-fr4.jpg" crc="324853919" ref="index"/>
    <file name="work_06s-u2896-r-fr5.png" crc="186381655" ref="index"/>
    <file name="work_07s-u2904-fr4.jpg" crc="3960093549" ref="index"/>
    <file name="work_07s-u2904-r-fr5.png" crc="4199085534" ref="index"/>
    <file name="work_08s-u2912-fr4.jpg" crc="4109486713" ref="index"/>
    <file name="work_08s-u2912-r-fr5.png" crc="4252680339" ref="index"/>
    <file name="work_09s-u2920-fr4.jpg" crc="533944025" ref="index"/>
    <file name="work_09s-u2920-r-fr5.png" crc="3815781591" ref="index"/>
    <file name="work_01b-u2782-fr4.jpg" crc="3804875576" ref="index"/>
    <file name="work_02b-u2868-fr4.jpg" crc="3810385703" ref="index"/>
    <file name="work_03b-u2876-fr4.jpg" crc="4240441770" ref="index"/>
    <file name="work_04b-u2884-fr4.jpg" crc="196659599" ref="index"/>
    <file name="work_05b-u2892-fr4.jpg" crc="353136028" ref="index"/>
    <file name="work_06b-u2900-fr4.jpg" crc="4208646" ref="index"/>
    <file name="work_07b-u2908-fr4.jpg" crc="536194519" ref="index"/>
    <file name="work_08b-u2916-fr4.jpg" crc="3769875757" ref="index"/>
    <file name="work_09b-u2924-fr4.jpg" crc="3975752764" ref="index"/>
    <file name="background_051-u3094-fr4.jpg" crc="348173763" ref="index"/>
    <file name="u32046.png" crc="4024595603" ref="index"/>
    <file name="u3204-r6.png" crc="168441248" ref="index"/>
  </folder>
  <file name="index.html" crc="363946854" seo="true" mt="1508146093801" redirect="true"/>
</manifest>